"pac_name_affiliate","country","parent","total","dems","repubs","year"
"Accenture (Accenture)","Ireland","Accenture plc",3000,0,3000,"2022"
"Acreage Holdings","Canada","Acreage Holdings",0,0,0,"2022"
"Air Liquide America","France","L'Air Liquide SA",17300,14800,2500,"2022"
"Airbus Group","Netherlands","Airbus Group",193500,82500,111000,"2022"
"Alexion Pharmaceuticals (AstraZeneca PLC)","UK","AstraZeneca PLC",186250,104000,82250,"2022"
"Alkermes Inc","Ireland","Alkermes Plc",84500,34500,50000,"2022"
"Allianz of America (Allianz)","Germany","Allianz AG Holding",31500,20500,11000,"2022"
"AMG Vanadium","Netherlands","AMG Advanced Metallurgical Group",2525,0,2525,"2022"
"Anheuser-Busch (Anheuser-Busch InBev)","Belgium","Anheuser-Busch InBev",457500,218000,239500,"2022"
"AON Corp (AON plc)","UK","AON PLC",98500,52000,46500,"2022"
"APL Maritime (CMA CGM)","France","CMA CGM SA",19000,8000,11000,"2022"
"Aptiv PLC","Ireland","Aptiv PLC",10350,5350,5000,"2022"
"Arcadis US (Arcadis NV)","Netherlands","Arcadis NV",1000,0,1000,"2022"
"Arch Capital Group (US)","UK","Arch Capital Group",8500,5500,3000,"2022"
"Arkema Inc","France","Arkema",51500,27000,24500,"2022"
"Ashton Woods Homes","Canada","Great Gulf Group",2500,0,2500,"2022"
"Assured Guaranty Municipal Corp (Assured Guaranty Corp)","UK","Assured Guaranty Ltd",112100,55500,56600,"2022"
"Astellas US","Japan","Astellas Pharma",145500,63500,82000,"2022"
"AstraZeneca Pharmaceuticals (AstraZeneca PLC)","UK","AstraZeneca PLC",310750,128500,182250,"2022"
"Atkins North America","UK","SNC-Lavalin",18000,5000,13000,"2022"
"Austal USA","Australia","Austal Ltd",50200,5000,45200,"2022"
"Avangrid Inc (Iberdrola SA)","Spain","Iberdrola SA",155000,103000,52000,"2022"
"Bacardi USA","UK","Bacardi Ltd",46200,19500,25700,"2022"
"BAE Systems (BAE Systems)","UK","BAE Systems",739500,320000,419500,"2022"
"Barclays Group US","UK","Barclays plc",123000,49500,73500,"2022"
"Barrick Goldstrike Mines","Canada","Barrick Gold Corp",14500,11000,3500,"2022"
"BASF Corp","Germany","BASF SE",412000,222000,190000,"2022"
"Bayer Corp (Bayer AG)","Germany","Bayer AG",209500,117500,92000,"2022"
"Beam Suntory (Suntory Holdings)","Japan","Suntory Holdings",46000,26000,20000,"2022"
"BMO Financial Corp (Bank of Montreal)","Canada","Bank of Montreal",0,0,0,"2022"
"BMO Financial Corp (Bank of Montreal)","Canada","Bank of Montreal",193000,101000,92000,"2022"
"Boehringer Ingelheim Corp","Germany","CH Boehringer Sohn",182900,86900,96000,"2022"
"Bombardier Aerospace (Bombardier Inc)","Canada","Bombardier Inc",36500,16500,20000,"2022"
"BP North America","UK","BP PLC",-2000,0,-2000,"2022"
"Bridgestone Americas","Japan","Bridgestone Corp",29500,15000,14500,"2022"
"Bumble Bee Foods (FCF Co)","Taiwan","FCF Co",6000,6000,0,"2022"
"CAE USA","Canada","CAE Inc",11000,6000,5000,"2022"
"CalPortland Co","Japan","Taiheiyo Cement Co",214000,13000,201000,"2022"
"Carmeuse Lime","Netherlands","Carmeuse SA",1000,0,1000,"2022"
"Case New Holland","Netherlands","CNH Industrial",101000,5000,96000,"2022"
"CEMEX Inc","Mexico","CEMEX SAB de CV",42500,16500,26000,"2022"
"CGI Technologies & Solutions","Canada","CGI Group",48000,40000,8000,"2022"
"Chubb Group of Insurance Companies","Switzerland","Chubb Ltd",98000,51500,46500,"2022"
"CIBC Bancorp","Canada","Canadian Imperial Bank of Commerce",2000,2000,0,"2022"
"Cirrus Aircraft Corp","China","Aviation Industry Corp of China",0,0,0,"2022"
"Continental Automotive Systems (Continental AG)","Germany","Continental AG",59000,31000,28000,"2022"
"Covestro LLC (Covestro AG)","Germany","Covestro AG",14000,9500,4500,"2022"
"Credit Suisse Securities","Switzerland","Credit Suisse Group",55000,25000,30000,"2022"
"CRH Americas (CRH PLC)","Ireland","CRH PLC",549600,208500,341100,"2022"
"Cronos USA","Canada","Cronos Group",33000,21000,12000,"2022"
"CSL Behring","Australia","CSL Ltd",55100,32700,22400,"2022"
"Delhaize America","Belgium","Ahold Delhaize",43500,19000,24500,"2022"
"Deutsche Bank Securities","Germany","Deutsche Bank AG",0,0,0,"2022"
"Diageo North America (Diageo PLC)","UK","Diageo PLC",17575,12575,5000,"2022"
"Eaton Corp (Eaton Corp)","Ireland","Eaton Plc",52353,24500,27853,"2022"
"EDF Renewables (EDF Group)","France","EDF Group",38000,32500,5500,"2022"
"EDP Renewables NA","Portugal","EDP - Energias de Portugal",22000,20500,1500,"2022"
"Eisai Inc","Japan","Eisai Co Ltd",23100,11300,11800,"2022"
"Elbit Systems of America","Israel","Elbit Systems Ltd",63000,16500,46500,"2022"
"Electrolux Home Products","Sweden","AB Electrolux",4500,1500,3000,"2022"
"Elekta Inc (Elekta AB)","Sweden","Elekta AB",88100,41500,46600,"2022"
"Embraer Aircraft Holdings","Brazil","Embraer-Empresa Brasileira de Aeronautic",61000,18500,42500,"2022"
"EMD Serono Inc","Germany","Merck KGaA",149500,80000,69500,"2022"
"Empire District Electric (Algonquin Power & Utilities)","Canada","Algonquin Power & Utilities",-1000,-1000,0,"2022"
"Empower Retirement (Power Financial Corp)","Canada","Power Financial Corp",45500,18500,27000,"2022"
"Enbridge Inc","Canada","Enbridge Inc",84500,23500,61000,"2022"
"Endo Pharmaceuticals","Ireland","Endo International",0,0,0,"2022"
"ENGIE North America","France","ENGIE",21500,17500,4000,"2022"
"Ericsson Inc","Sweden","Telefonaktiebolaget LM Ericsson",117500,59500,58000,"2022"
"Essent US Holdings","UK","Essent Group",10500,2500,8000,"2022"
"Experian","UK","Experian",554500,256500,298000,"2022"
"Farmers Group (Zurich Insurance Group)","Switzerland","Zurich Financial Services AG",262000,139000,123000,"2022"
"Fincantieri Marinette Marine","Italy","Fincantieri-Cantieri Navali Italiani SpA",19500,11000,8500,"2022"
"Finsbury Glover Hering (WPP Group)","UK","WPP Group",124250,71500,52750,"2022"
"Florida East Coast Industries (SoftBank Corp)","Japan","SoftBank Corp",62000,20500,41500,"2022"
"Florida East Coast Railway (Grupo Mexico)","Mexico","Grupo Mexico",2150,1850,300,"2022"
"Framatome (EDF Group)","France","EDF Group",32000,15000,17000,"2022"
"Fresenius Medical Care North America","Germany","Fresenius Medical Care",405500,180000,225500,"2022"
"G4S Secure Solutions","UK","G4S plc",2900,2900,0,"2022"
"Garmin International (Garmin Ltd)","Switzerland","Garmin Ltd",117000,39500,77500,"2022"
"GE Appliances","China","Haier Group",23000,5000,18000,"2022"
"Genentech Inc (Roche Holdings)","Switzerland","Roche Holdings",295000,154500,140500,"2022"
"General Cigar Co","Sweden","Scandinavian Tobacco Group",500,0,500,"2022"
"GenesisCare USA","Australia","GenesisCare",17000,9500,7500,"2022"
"Gerdau Ameristeel Corp","Brazil","Gerdau Inc",14000,6000,8000,"2022"
"Glanbia Foods (Glanbia PLC)","Ireland","Glanbia PLC",0,0,0,"2022"
"Grand Trunk Western-Illinois Central RR","Canada","Canadian National Railway",22000,7000,15000,"2022"
"Greyhound Lines","UK","FirstGroup PLC",10500,6000,4500,"2022"
"GSK plc","UK","GlaxoSmithKline",205000,54000,151000,"2022"
"Haleon plc","UK","Haleon plc",2500,0,2500,"2022"
"Hannover Life Reassurance Co","Germany","Hannover Re",17500,10000,7500,"2022"
"Hatch LTK (Hatch Ltd)","Canada","Hatch Ltd",5800,5800,0,"2022"
"Headwaters Inc","Australia","Boral Ltd",10500,1000,9500,"2022"
"Heineken USA","Netherlands","L'Arche Green NV",26000,14000,12000,"2022"
"Herbalife Nutrition","UK","Herbalife Ltd",85500,35500,50000,"2022"
"Holcim US (Holcim Group)","Switzerland","Holcim Group",37000,22000,15000,"2022"
"Horizon Therapeutics","Ireland","Horizon Pharma PLC",149000,89000,60000,"2022"
"HSBC North America (HSBC Holdings)","UK","HSBC Holdings",34500,11000,23500,"2022"
"HSBC North America (HSBC Holdings)","UK","HSBC Holdings",61000,36500,24500,"2022"
"IBI Group Engineering Services","Canada","IBI Group",150,0,150,"2022"
"IDEMIA Identity & Security (IDEMIA)","France","IDEMIA",29900,6000,23900,"2022"
"IGT Global Solutions","Italy","B&D Holding Di Marco Drago e C Sapa",42900,32900,10000,"2022"
"Infineon Technologies","Germany","Infineon Technologies AG",20000,12500,7500,"2022"
"Intelsat US","Luxembourg","Intelsat Holdings",49000,25500,23500,"2022"
"Intergraph Corp","Sweden","Hexagon AB",2900,0,2900,"2022"
"Ipsen Biopharmaceuticals","France","Ipsen SA",40000,22500,17500,"2022"
"ITG Brands (Imperial Brands)","UK","Imperial Brands",14000,5500,8500,"2022"
"Jackson National Life Insurance (Prudential PLC)","UK","Prudential PLC",169198,50998,118200,"2022"
"Jackson National Life Insurance (Prudential PLC)","UK","Prudential PLC",87000,50000,37000,"2022"
"JBS USA","Brazil","JBS SA",18500,7000,11500,"2022"
"John Hancock Life Insurance","Canada","Manulife Financial",94500,58500,36000,"2022"
"Johnson Controls (Johnson Controls International)","Ireland","Johnson Controls International",211500,117500,94000,"2022"
"Komatsu Mining","Japan","Komatsu Ltd",20599,9500,11099,"2022"
"Lanxess Corp (Lanxess AG)","Germany","Lanxess AG",0,0,0,"2022"
"Lehigh Hanson","Germany","HeidelbergCement AG",102000,22500,79500,"2022"
"Leonardo DRS","Italy","Leonardo SpA",204000,76500,127500,"2022"
"Liberty Utilities (Algonquin Power & Utilities)","Canada","Algonquin Power & Utilities",0,0,0,"2022"
"Lincare Holdings (Linde plc)","UK","Linde plc",23500,6000,17500,"2022"
"Linde plc (Linde plc)","UK","Linde Plc",11000,11000,0,"2022"
"Livanova USA","UK","Livanova Plc",6000,4000,2000,"2022"
"Louis Dreyfus Co","Netherlands","Louis Dreyfus Group",2000,0,2000,"2022"
"LSEG US","UK","London Stock Exchange Group",2000,2000,0,"2022"
"Lundbeck Inc","Denmark","H Lundbeck A/S",127400,72400,55000,"2022"
"LyondellBasell Industries","Netherlands","LyondellBasell Industries",95000,41500,53500,"2022"
"Maersk Inc (AP Moller-Maersk)","Denmark","AP Moller-Maersk",60500,29500,31000,"2022"
"Mallinckrodt Pharmaceuticals","UK","Mallinckrodt Plc",500,4500,-4000,"2022"
"Maxar Technologies (Maxar Technologies)","Canada","Maxar Technologies",173500,93000,78000,"2022"
"MBDA Inc","UK","MBDA",1000,0,1000,"2022"
"Medtronic Inc","Ireland","Medtronic Plc",225000,119000,106000,"2022"
"Mercedes-Benz USA (Daimler AG)","Germany","Daimler AG",3500,0,3500,"2022"
"Messer North America","Germany","Messer Group",28500,12000,16500,"2022"
"Mitsubishi Power","Japan","Mitsubishi Power",1000,0,1000,"2022"
"Molson Coors Beverage Co (Molson Coors Brewing)","Canada","Molson Coors Brewing",77500,23000,54500,"2022"
"MUFG Americas","Japan","Mitsubishi UFJ Financial Group",0,0,0,"2022"
"Munich American Reassurance","Germany","Munich Re Group",12500,5000,7500,"2022"
"Nammo Inc (Nammo AS)","Norway","Nammo AS",9000,2000,7000,"2022"
"National Grid USA (National Grid plc)","UK","National Grid plc",58500,49500,9000,"2022"
"Nestle Purina PetCare (Nestle SA)","Switzerland","Nestle SA",0,0,0,"2022"
"Nomura Holding America","Japan","Nomura Holdings",49500,19500,30000,"2022"
"NOVA Chemicals","United Arab Emirates","International Petroleum Investment Co",0,0,0,"2022"
"Novartis Corp (Novartis AG)","Switzerland","Novartis AG",281500,159500,122000,"2022"
"Novo Nordisk","Denmark","Novo Nordisk A/S",288250,147250,141000,"2022"
"Novocure Inc","UK","Novocure",94500,46000,48500,"2022"
"Nutrien Ag Solutions","Canada","Nutrien Ltd",46500,15000,31500,"2022"
"Otsuka America (Otsuka Pharmaceutical)","Japan","Otsuka Pharmaceutical",125500,71500,54000,"2022"
"Permobil Inc (Investor AB)","Sweden","Investor AB",1000,1000,0,"2022"
"Pernod Ricard USA","France","Pernod Ricard SA",27000,13500,13500,"2022"
"Pharmavite LLC (Otsuka Pharmaceutical)","Japan","Otsuka Pharmaceutical",94500,50000,44500,"2022"
"Philips Electronics North America (Philips)","Netherlands","Philips",119750,54250,65500,"2022"
"Prime Policy Group (WPP Group)","UK","WPP Group",42750,24500,18250,"2022"
"Protective Life Corp (Dai-Ichi Life)","Japan","Dai-Ichi Life",177000,46500,130500,"2022"
"Purpose Financial (Grupo Salinas)","Mexico","Grupo Salinas",46500,18500,28000,"2022"
"Putnam Investments (Power Financial Corp)","Canada","Power Financial Corp",11500,5500,6000,"2022"
"RBC Bank (Royal Bank of Canada)","Canada","Royal Bank of Canada",91500,45000,46500,"2022"
"Recurrent Energy","Canada","Canadian Solar",13900,9900,4000,"2022"
"RELX Inc","UK","RELX Group",94500,58500,36000,"2022"
"Resolute FP US","Canada","Resolute Forest Products",75500,5500,70000,"2022"
"Reynolds American (British American Tobacco)","UK","British American Tobacco plc",242100,63600,178500,"2022"
"Rio Tinto America","UK","Rio Tinto Group",33500,14500,19000,"2022"
"Roche Diagnostics (Roche Holdings)","Switzerland","Roche Holdings",103000,50000,53000,"2022"
"Rolls-Royce North America (Rolls-Royce PLC)","UK","Rolls-Royce PLC",234000,87000,147000,"2022"
"Saab North America","Sweden","Saab AB",4500,2500,2000,"2022"
"Sabic Innovative Plastics","Saudi Arabia","SABIC",7000,6000,1000,"2022"
"Safelite Group","Belgium","D'Ieteren SA",3500,3500,0,"2022"
"Samsung Electronics America","South Korea","Samsung Group",394000,214500,179500,"2022"
"Sanofi US (Sanofi)","France","Sanofi",233000,122500,110500,"2022"
"Santander Bank (Banco Santander)","Spain","Banco Santander",86500,54000,32500,"2022"
"SAP America","Germany","SAP SE",88500,43500,45000,"2022"
"Schwan's Co","South Korea","CJ CheilJedang",162500,49000,113500,"2022"
"Securitas Security Services USA","Sweden","Securitas AB",0,0,0,"2022"
"Serco Inc","UK","Serco Group",117500,69000,48500,"2022"
"Shell USA","UK","Shell plc",5000,0,5000,"2022"
"Siemens Corp (Siemens AG)","Germany","Siemens AG",184000,101500,82500,"2022"
"Smith & Nephew","UK","Smith & Nephew Plc",96000,56500,39500,"2022"
"Smithfield Foods","China","WH Group",41000,19000,22000,"2022"
"Smiths Group Services Corp (Smiths Group)","UK","Smiths Group PLC",33500,16500,17000,"2022"
"Smiths Group Services Corp (Smiths Group)","UK","Smiths Group PLC",29948,13500,16448,"2022"
"Sodexo Inc","France","Sodexo",2900,2900,0,"2022"
"Solvay America","Belgium","Solvay SA",65000,35500,29500,"2022"
"Sony Music Entertainment (Sony Corp)","Japan","Sony Corp",32500,19500,13000,"2022"
"Sony Pictures Entertainment (Sony Corp)","Japan","Sony Corp",42500,26000,16500,"2022"
"Spark Therapeutics (Roche Holdings)","Switzerland","Roche Holdings",8500,6500,2000,"2022"
"SSAB Americas","Sweden","SSAB AB",31500,9000,22500,"2022"
"Standard Insurance Co","Japan","Meiji Yasuda Life Insurance",4500,2000,2500,"2022"
"Steris Corp","Ireland","Steris PLC",65000,27500,37500,"2022"
"SUEZ Water","France","SUEZ Environnement",20500,18500,2000,"2022"
"Sun Life Financial (Sun Life Financial)","Canada","Sun Life Financial",132000,75000,57000,"2022"
"Sunovion Pharmaceuticals (Sumitomo Chemical)","Japan","Sumitomo Chemical",107200,51900,55300,"2022"
"Sunpower Corp","France","TotalEnergies",32000,28500,3500,"2022"
"Swedish Match North America (Swedish Match AB)","Sweden","Swedish Match AB",5000,0,5000,"2022"
"Swiss Re America","Switzerland","Swiss Reinsurance",0,0,0,"2022"
"Syngenta Corp","China","ChemChina",207000,56000,151000,"2022"
"Tabacalera USA (Imperial Brands)","UK","Imperial Brands",4321,2300,2021,"2022"
"Takeda Pharmaceuticals USA (Takeda Pharmaceutical Co)","Japan","Takeda Pharmaceutical Co",207500,119000,88500,"2022"
"TD Bank USA","Canada","Toronto-Dominion Bank",259500,144500,114000,"2022"
"TE Connectivity","Switzerland","TE Connectivity",92000,39500,52500,"2022"
"TECO Energy","Canada","Emera Inc",37000,4500,32500,"2022"
"Teva Pharmaceuticals USA","Israel","Teva Pharmaceutical Industries",72400,34500,37900,"2022"
"Toyota Motor North America","Japan","Toyota Motor Corp",1053977,538097,515880,"2022"
"Trane Technologies","Ireland","Trane Technologies",26300,3300,23000,"2022"
"TransAmerica","Netherlands","Aegon NV",418500,211000,207500,"2022"
"Transcanada USA Services (TC Energy)","Canada","TC Energy",138500,30500,108000,"2022"
"UBS Americas","Switzerland","UBS AG",1470000,775000,695000,"2022"
"UCB Inc (UCB SA)","Belgium","UCB SA",52500,31000,21500,"2022"
"Ultra Electronics USA","UK","Ultra Electronics",80000,13500,66500,"2022"
"Universal Music Group (Universal Music Group)","Netherlands","Universal Music Group NV",131000,76000,55000,"2022"
"Valent USA (Sumitomo Chemical)","Japan","Sumitomo Chemical",8000,4500,3500,"2022"
"Varian Medical Systems (Siemens AG)","Germany","Siemens AG",65800,39300,26500,"2022"
"VNA Holding (AB Volvo)","Sweden","AB Volvo",67500,40000,27500,"2022"
"VT Halter Marine","Singapore","ST Engineering",18000,1000,17000,"2022"
"Washington Gas Light Co (AltaGas Ltd)","Canada","AltaGas Ltd",23400,14400,9000,"2022"
"Westinghouse Electric","Canada","Brookfield Business Partners",41000,15000,26000,"2022"
"WSP USA","Canada","WSP Global",64750,44250,20500,"2022"
"ZF Automotive US (ZF Friedrichshafen AG)","Germany","ZF Friedrichshafen AG",-2000,0,-2000,"2022"
"Zurich Insurance (Zurich Insurance Group)","Switzerland","Zurich Insurance Group",308000,144000,164000,"2022"
"Accenture (Accenture)","Ireland","Accenture plc",3000,0,3000,"2020"
"Acreage Holdings","Canada","Acreage Holdings",0,0,0,"2020"
"Air Liquide America","France","L'Air Liquide SA",17300,14800,2500,"2020"
"Airbus Group","Netherlands","Airbus Group",193500,82500,111000,"2020"
"Alexion Pharmaceuticals (AstraZeneca PLC)","UK","AstraZeneca PLC",186250,104000,82250,"2020"
"Alkermes Inc","Ireland","Alkermes Plc",84500,34500,50000,"2020"
"Allianz of America (Allianz)","Germany","Allianz AG Holding",31500,20500,11000,"2020"
"AMG Vanadium","Netherlands","AMG Advanced Metallurgical Group",2525,0,2525,"2020"
"Anheuser-Busch (Anheuser-Busch InBev)","Belgium","Anheuser-Busch InBev",457500,218000,239500,"2020"
"AON Corp (AON plc)","UK","AON PLC",98500,52000,46500,"2020"
"APL Maritime (CMA CGM)","France","CMA CGM SA",19000,8000,11000,"2020"
"Aptiv PLC","Ireland","Aptiv PLC",10350,5350,5000,"2020"
"Arcadis US (Arcadis NV)","Netherlands","Arcadis NV",1000,0,1000,"2020"
"Arch Capital Group (US)","UK","Arch Capital Group",8500,5500,3000,"2020"
"Arkema Inc","France","Arkema",51500,27000,24500,"2020"
"Ashton Woods Homes","Canada","Great Gulf Group",2500,0,2500,"2020"
"Assured Guaranty Municipal Corp (Assured Guaranty Corp)","UK","Assured Guaranty Ltd",112100,55500,56600,"2020"
"Astellas US","Japan","Astellas Pharma",145500,63500,82000,"2020"
"AstraZeneca Pharmaceuticals (AstraZeneca PLC)","UK","AstraZeneca PLC",310750,128500,182250,"2020"
"Atkins North America","UK","SNC-Lavalin",18000,5000,13000,"2020"
"Austal USA","Australia","Austal Ltd",50200,5000,45200,"2020"
"Avangrid Inc (Iberdrola SA)","Spain","Iberdrola SA",155000,103000,52000,"2020"
"Bacardi USA","UK","Bacardi Ltd",46200,19500,25700,"2020"
"BAE Systems (BAE Systems)","UK","BAE Systems",739500,320000,419500,"2020"
"Barclays Group US","UK","Barclays plc",123000,49500,73500,"2020"
"Barrick Goldstrike Mines","Canada","Barrick Gold Corp",14500,11000,3500,"2020"
"BASF Corp","Germany","BASF SE",412000,222000,190000,"2020"
"Bayer Corp (Bayer AG)","Germany","Bayer AG",209500,117500,92000,"2020"
"Beam Suntory (Suntory Holdings)","Japan","Suntory Holdings",46000,26000,20000,"2020"
"BMO Financial Corp (Bank of Montreal)","Canada","Bank of Montreal",0,0,0,"2020"
"BMO Financial Corp (Bank of Montreal)","Canada","Bank of Montreal",193000,101000,92000,"2020"
"Boehringer Ingelheim Corp","Germany","CH Boehringer Sohn",182900,86900,96000,"2020"
"Bombardier Aerospace (Bombardier Inc)","Canada","Bombardier Inc",36500,16500,20000,"2020"
"BP North America","UK","BP PLC",-2000,0,-2000,"2020"
"Bridgestone Americas","Japan","Bridgestone Corp",29500,15000,14500,"2020"
"Bumble Bee Foods (FCF Co)","Taiwan","FCF Co",6000,6000,0,"2020"
"CAE USA","Canada","CAE Inc",11000,6000,5000,"2020"
"CalPortland Co","Japan","Taiheiyo Cement Co",214000,13000,201000,"2020"
"Carmeuse Lime","Netherlands","Carmeuse SA",1000,0,1000,"2020"
"Case New Holland","Netherlands","CNH Industrial",101000,5000,96000,"2020"
"CEMEX Inc","Mexico","CEMEX SAB de CV",42500,16500,26000,"2020"
"CGI Technologies & Solutions","Canada","CGI Group",48000,40000,8000,"2020"
"Chubb Group of Insurance Companies","Switzerland","Chubb Ltd",98000,51500,46500,"2020"
"CIBC Bancorp","Canada","Canadian Imperial Bank of Commerce",2000,2000,0,"2020"
"Cirrus Aircraft Corp","China","Aviation Industry Corp of China",0,0,0,"2020"
"Continental Automotive Systems (Continental AG)","Germany","Continental AG",59000,31000,28000,"2020"
"Covestro LLC (Covestro AG)","Germany","Covestro AG",14000,9500,4500,"2020"
"Credit Suisse Securities","Switzerland","Credit Suisse Group",55000,25000,30000,"2020"
"CRH Americas (CRH PLC)","Ireland","CRH PLC",549600,208500,341100,"2020"
"Cronos USA","Canada","Cronos Group",33000,21000,12000,"2020"
"CSL Behring","Australia","CSL Ltd",55100,32700,22400,"2020"
"Delhaize America","Belgium","Ahold Delhaize",43500,19000,24500,"2020"
"Deutsche Bank Securities","Germany","Deutsche Bank AG",0,0,0,"2020"
"Diageo North America (Diageo PLC)","UK","Diageo PLC",17575,12575,5000,"2020"
"Eaton Corp (Eaton Corp)","Ireland","Eaton Plc",52353,24500,27853,"2020"
"EDF Renewables (EDF Group)","France","EDF Group",38000,32500,5500,"2020"
"EDP Renewables NA","Portugal","EDP - Energias de Portugal",22000,20500,1500,"2020"
"Eisai Inc","Japan","Eisai Co Ltd",23100,11300,11800,"2020"
"Elbit Systems of America","Israel","Elbit Systems Ltd",63000,16500,46500,"2020"
"Electrolux Home Products","Sweden","AB Electrolux",4500,1500,3000,"2020"
"Elekta Inc (Elekta AB)","Sweden","Elekta AB",88100,41500,46600,"2020"
"Embraer Aircraft Holdings","Brazil","Embraer-Empresa Brasileira de Aeronautic",61000,18500,42500,"2020"
"EMD Serono Inc","Germany","Merck KGaA",149500,80000,69500,"2020"
"Empire District Electric (Algonquin Power & Utilities)","Canada","Algonquin Power & Utilities",-1000,-1000,0,"2020"
"Empower Retirement (Power Financial Corp)","Canada","Power Financial Corp",45500,18500,27000,"2020"
"Enbridge Inc","Canada","Enbridge Inc",84500,23500,61000,"2020"
"Endo Pharmaceuticals","Ireland","Endo International",0,0,0,"2020"
"ENGIE North America","France","ENGIE",21500,17500,4000,"2020"
"Ericsson Inc","Sweden","Telefonaktiebolaget LM Ericsson",117500,59500,58000,"2020"
"Essent US Holdings","UK","Essent Group",10500,2500,8000,"2020"
"Experian","UK","Experian",554500,256500,298000,"2020"
"Farmers Group (Zurich Insurance Group)","Switzerland","Zurich Financial Services AG",262000,139000,123000,"2020"
"Fincantieri Marinette Marine","Italy","Fincantieri-Cantieri Navali Italiani SpA",19500,11000,8500,"2020"
"Finsbury Glover Hering (WPP Group)","UK","WPP Group",124250,71500,52750,"2020"
"Florida East Coast Industries (SoftBank Corp)","Japan","SoftBank Corp",62000,20500,41500,"2020"
"Florida East Coast Railway (Grupo Mexico)","Mexico","Grupo Mexico",2150,1850,300,"2020"
"Framatome (EDF Group)","France","EDF Group",32000,15000,17000,"2020"
"Fresenius Medical Care North America","Germany","Fresenius Medical Care",405500,180000,225500,"2020"
"G4S Secure Solutions","UK","G4S plc",2900,2900,0,"2020"
"Garmin International (Garmin Ltd)","Switzerland","Garmin Ltd",117000,39500,77500,"2020"
"GE Appliances","China","Haier Group",23000,5000,18000,"2020"
"Genentech Inc (Roche Holdings)","Switzerland","Roche Holdings",295000,154500,140500,"2020"
"General Cigar Co","Sweden","Scandinavian Tobacco Group",500,0,500,"2020"
"GenesisCare USA","Australia","GenesisCare",17000,9500,7500,"2020"
"Gerdau Ameristeel Corp","Brazil","Gerdau Inc",14000,6000,8000,"2020"
"Glanbia Foods (Glanbia PLC)","Ireland","Glanbia PLC",0,0,0,"2020"
"Grand Trunk Western-Illinois Central RR","Canada","Canadian National Railway",22000,7000,15000,"2020"
"Greyhound Lines","UK","FirstGroup PLC",10500,6000,4500,"2020"
"GSK plc","UK","GlaxoSmithKline",205000,54000,151000,"2020"
"Haleon plc","UK","Haleon plc",2500,0,2500,"2020"
"Hannover Life Reassurance Co","Germany","Hannover Re",17500,10000,7500,"2020"
"Hatch LTK (Hatch Ltd)","Canada","Hatch Ltd",5800,5800,0,"2020"
"Headwaters Inc","Australia","Boral Ltd",10500,1000,9500,"2020"
"Heineken USA","Netherlands","L'Arche Green NV",26000,14000,12000,"2020"
"Herbalife Nutrition","UK","Herbalife Ltd",85500,35500,50000,"2020"
"Holcim US (Holcim Group)","Switzerland","Holcim Group",37000,22000,15000,"2020"
"Horizon Therapeutics","Ireland","Horizon Pharma PLC",149000,89000,60000,"2020"
"HSBC North America (HSBC Holdings)","UK","HSBC Holdings",34500,11000,23500,"2020"
"HSBC North America (HSBC Holdings)","UK","HSBC Holdings",61000,36500,24500,"2020"
"IBI Group Engineering Services","Canada","IBI Group",150,0,150,"2020"
"IDEMIA Identity & Security (IDEMIA)","France","IDEMIA",29900,6000,23900,"2020"
"IGT Global Solutions","Italy","B&D Holding Di Marco Drago e C Sapa",42900,32900,10000,"2020"
"Infineon Technologies","Germany","Infineon Technologies AG",20000,12500,7500,"2020"
"Intelsat US","Luxembourg","Intelsat Holdings",49000,25500,23500,"2020"
"Intergraph Corp","Sweden","Hexagon AB",2900,0,2900,"2020"
"Ipsen Biopharmaceuticals","France","Ipsen SA",40000,22500,17500,"2020"
"ITG Brands (Imperial Brands)","UK","Imperial Brands",14000,5500,8500,"2020"
"Jackson National Life Insurance (Prudential PLC)","UK","Prudential PLC",169198,50998,118200,"2020"
"Jackson National Life Insurance (Prudential PLC)","UK","Prudential PLC",87000,50000,37000,"2020"
"JBS USA","Brazil","JBS SA",18500,7000,11500,"2020"
"John Hancock Life Insurance","Canada","Manulife Financial",94500,58500,36000,"2020"
"Johnson Controls (Johnson Controls International)","Ireland","Johnson Controls International",211500,117500,94000,"2020"
"Komatsu Mining","Japan","Komatsu Ltd",20599,9500,11099,"2020"
"Lanxess Corp (Lanxess AG)","Germany","Lanxess AG",0,0,0,"2020"
"Lehigh Hanson","Germany","HeidelbergCement AG",102000,22500,79500,"2020"
"Leonardo DRS","Italy","Leonardo SpA",204000,76500,127500,"2020"
"Liberty Utilities (Algonquin Power & Utilities)","Canada","Algonquin Power & Utilities",0,0,0,"2020"
"Lincare Holdings (Linde plc)","UK","Linde plc",23500,6000,17500,"2020"
"Linde plc (Linde plc)","UK","Linde Plc",11000,11000,0,"2020"
"Livanova USA","UK","Livanova Plc",6000,4000,2000,"2020"
"Louis Dreyfus Co","Netherlands","Louis Dreyfus Group",2000,0,2000,"2020"
"LSEG US","UK","London Stock Exchange Group",2000,2000,0,"2020"
"Lundbeck Inc","Denmark","H Lundbeck A/S",127400,72400,55000,"2020"
"LyondellBasell Industries","Netherlands","LyondellBasell Industries",95000,41500,53500,"2020"
"Maersk Inc (AP Moller-Maersk)","Denmark","AP Moller-Maersk",60500,29500,31000,"2020"
"Mallinckrodt Pharmaceuticals","UK","Mallinckrodt Plc",500,4500,-4000,"2020"
"Maxar Technologies (Maxar Technologies)","Canada","Maxar Technologies",173500,93000,78000,"2020"
"MBDA Inc","UK","MBDA",1000,0,1000,"2020"
"Medtronic Inc","Ireland","Medtronic Plc",225000,119000,106000,"2020"
"Mercedes-Benz USA (Daimler AG)","Germany","Daimler AG",3500,0,3500,"2020"
"Messer North America","Germany","Messer Group",28500,12000,16500,"2020"
"Mitsubishi Power","Japan","Mitsubishi Power",1000,0,1000,"2020"
"Molson Coors Beverage Co (Molson Coors Brewing)","Canada","Molson Coors Brewing",77500,23000,54500,"2020"
"MUFG Americas","Japan","Mitsubishi UFJ Financial Group",0,0,0,"2020"
"Munich American Reassurance","Germany","Munich Re Group",12500,5000,7500,"2020"
"Nammo Inc (Nammo AS)","Norway","Nammo AS",9000,2000,7000,"2020"
"National Grid USA (National Grid plc)","UK","National Grid plc",58500,49500,9000,"2020"
"Nestle Purina PetCare (Nestle SA)","Switzerland","Nestle SA",0,0,0,"2020"
"Nomura Holding America","Japan","Nomura Holdings",49500,19500,30000,"2020"
"NOVA Chemicals","United Arab Emirates","International Petroleum Investment Co",0,0,0,"2020"
"Novartis Corp (Novartis AG)","Switzerland","Novartis AG",281500,159500,122000,"2020"
"Novo Nordisk","Denmark","Novo Nordisk A/S",288250,147250,141000,"2020"
"Novocure Inc","UK","Novocure",94500,46000,48500,"2020"
"Nutrien Ag Solutions","Canada","Nutrien Ltd",46500,15000,31500,"2020"
"Otsuka America (Otsuka Pharmaceutical)","Japan","Otsuka Pharmaceutical",125500,71500,54000,"2020"
"Permobil Inc (Investor AB)","Sweden","Investor AB",1000,1000,0,"2020"
"Pernod Ricard USA","France","Pernod Ricard SA",27000,13500,13500,"2020"
"Pharmavite LLC (Otsuka Pharmaceutical)","Japan","Otsuka Pharmaceutical",94500,50000,44500,"2020"
"Philips Electronics North America (Philips)","Netherlands","Philips",119750,54250,65500,"2020"
"Prime Policy Group (WPP Group)","UK","WPP Group",42750,24500,18250,"2020"
"Protective Life Corp (Dai-Ichi Life)","Japan","Dai-Ichi Life",177000,46500,130500,"2020"
"Purpose Financial (Grupo Salinas)","Mexico","Grupo Salinas",46500,18500,28000,"2020"
"Putnam Investments (Power Financial Corp)","Canada","Power Financial Corp",11500,5500,6000,"2020"
"RBC Bank (Royal Bank of Canada)","Canada","Royal Bank of Canada",91500,45000,46500,"2020"
"Recurrent Energy","Canada","Canadian Solar",13900,9900,4000,"2020"
"RELX Inc","UK","RELX Group",94500,58500,36000,"2020"
"Resolute FP US","Canada","Resolute Forest Products",75500,5500,70000,"2020"
"Reynolds American (British American Tobacco)","UK","British American Tobacco plc",242100,63600,178500,"2020"
"Rio Tinto America","UK","Rio Tinto Group",33500,14500,19000,"2020"
"Roche Diagnostics (Roche Holdings)","Switzerland","Roche Holdings",103000,50000,53000,"2020"
"Rolls-Royce North America (Rolls-Royce PLC)","UK","Rolls-Royce PLC",234000,87000,147000,"2020"
"Saab North America","Sweden","Saab AB",4500,2500,2000,"2020"
"Sabic Innovative Plastics","Saudi Arabia","SABIC",7000,6000,1000,"2020"
"Safelite Group","Belgium","D'Ieteren SA",3500,3500,0,"2020"
"Samsung Electronics America","South Korea","Samsung Group",394000,214500,179500,"2020"
"Sanofi US (Sanofi)","France","Sanofi",233000,122500,110500,"2020"
"Santander Bank (Banco Santander)","Spain","Banco Santander",86500,54000,32500,"2020"
"SAP America","Germany","SAP SE",88500,43500,45000,"2020"
"Schwan's Co","South Korea","CJ CheilJedang",162500,49000,113500,"2020"
"Securitas Security Services USA","Sweden","Securitas AB",0,0,0,"2020"
"Serco Inc","UK","Serco Group",117500,69000,48500,"2020"
"Shell USA","UK","Shell plc",5000,0,5000,"2020"
"Siemens Corp (Siemens AG)","Germany","Siemens AG",184000,101500,82500,"2020"
"Smith & Nephew","UK","Smith & Nephew Plc",96000,56500,39500,"2020"
"Smithfield Foods","China","WH Group",41000,19000,22000,"2020"
"Smiths Group Services Corp (Smiths Group)","UK","Smiths Group PLC",33500,16500,17000,"2020"
"Smiths Group Services Corp (Smiths Group)","UK","Smiths Group PLC",29948,13500,16448,"2020"
"Sodexo Inc","France","Sodexo",2900,2900,0,"2020"
"Solvay America","Belgium","Solvay SA",65000,35500,29500,"2020"
"Sony Music Entertainment (Sony Corp)","Japan","Sony Corp",32500,19500,13000,"2020"
"Sony Pictures Entertainment (Sony Corp)","Japan","Sony Corp",42500,26000,16500,"2020"
"Spark Therapeutics (Roche Holdings)","Switzerland","Roche Holdings",8500,6500,2000,"2020"
"SSAB Americas","Sweden","SSAB AB",31500,9000,22500,"2020"
"Standard Insurance Co","Japan","Meiji Yasuda Life Insurance",4500,2000,2500,"2020"
"Steris Corp","Ireland","Steris PLC",65000,27500,37500,"2020"
"SUEZ Water","France","SUEZ Environnement",20500,18500,2000,"2020"
"Sun Life Financial (Sun Life Financial)","Canada","Sun Life Financial",132000,75000,57000,"2020"
"Sunovion Pharmaceuticals (Sumitomo Chemical)","Japan","Sumitomo Chemical",107200,51900,55300,"2020"
"Sunpower Corp","France","TotalEnergies",32000,28500,3500,"2020"
"Swedish Match North America (Swedish Match AB)","Sweden","Swedish Match AB",5000,0,5000,"2020"
"Swiss Re America","Switzerland","Swiss Reinsurance",0,0,0,"2020"
"Syngenta Corp","China","ChemChina",207000,56000,151000,"2020"
"Tabacalera USA (Imperial Brands)","UK","Imperial Brands",4321,2300,2021,"2020"
"Takeda Pharmaceuticals USA (Takeda Pharmaceutical Co)","Japan","Takeda Pharmaceutical Co",207500,119000,88500,"2020"
"TD Bank USA","Canada","Toronto-Dominion Bank",259500,144500,114000,"2020"
"TE Connectivity","Switzerland","TE Connectivity",92000,39500,52500,"2020"
"TECO Energy","Canada","Emera Inc",37000,4500,32500,"2020"
"Teva Pharmaceuticals USA","Israel","Teva Pharmaceutical Industries",72400,34500,37900,"2020"
"Toyota Motor North America","Japan","Toyota Motor Corp",1053977,538097,515880,"2020"
"Trane Technologies","Ireland","Trane Technologies",26300,3300,23000,"2020"
"TransAmerica","Netherlands","Aegon NV",418500,211000,207500,"2020"
"Transcanada USA Services (TC Energy)","Canada","TC Energy",138500,30500,108000,"2020"
"UBS Americas","Switzerland","UBS AG",1470000,775000,695000,"2020"
"UCB Inc (UCB SA)","Belgium","UCB SA",52500,31000,21500,"2020"
"Ultra Electronics USA","UK","Ultra Electronics",80000,13500,66500,"2020"
"Universal Music Group (Universal Music Group)","Netherlands","Universal Music Group NV",131000,76000,55000,"2020"
"Valent USA (Sumitomo Chemical)","Japan","Sumitomo Chemical",8000,4500,3500,"2020"
"Varian Medical Systems (Siemens AG)","Germany","Siemens AG",65800,39300,26500,"2020"
"VNA Holding (AB Volvo)","Sweden","AB Volvo",67500,40000,27500,"2020"
"VT Halter Marine","Singapore","ST Engineering",18000,1000,17000,"2020"
"Washington Gas Light Co (AltaGas Ltd)","Canada","AltaGas Ltd",23400,14400,9000,"2020"
"Westinghouse Electric","Canada","Brookfield Business Partners",41000,15000,26000,"2020"
"WSP USA","Canada","WSP Global",64750,44250,20500,"2020"
"ZF Automotive US (ZF Friedrichshafen AG)","Germany","ZF Friedrichshafen AG",-2000,0,-2000,"2020"
"Zurich Insurance (Zurich Insurance Group)","Switzerland","Zurich Insurance Group",308000,144000,164000,"2020"
"Accenture (Accenture)","Ireland","Accenture plc",3000,0,3000,"2000"
"Acreage Holdings","Canada","Acreage Holdings",0,0,0,"2000"
"Air Liquide America","France","L'Air Liquide SA",17300,14800,2500,"2000"
"Airbus Group","Netherlands","Airbus Group",193500,82500,111000,"2000"
"Alexion Pharmaceuticals (AstraZeneca PLC)","UK","AstraZeneca PLC",186250,104000,82250,"2000"
"Alkermes Inc","Ireland","Alkermes Plc",84500,34500,50000,"2000"
"Allianz of America (Allianz)","Germany","Allianz AG Holding",31500,20500,11000,"2000"
"AMG Vanadium","Netherlands","AMG Advanced Metallurgical Group",2525,0,2525,"2000"
"Anheuser-Busch (Anheuser-Busch InBev)","Belgium","Anheuser-Busch InBev",457500,218000,239500,"2000"
"AON Corp (AON plc)","UK","AON PLC",98500,52000,46500,"2000"
"APL Maritime (CMA CGM)","France","CMA CGM SA",19000,8000,11000,"2000"
"Aptiv PLC","Ireland","Aptiv PLC",10350,5350,5000,"2000"
"Arcadis US (Arcadis NV)","Netherlands","Arcadis NV",1000,0,1000,"2000"
"Arch Capital Group (US)","UK","Arch Capital Group",8500,5500,3000,"2000"
"Arkema Inc","France","Arkema",51500,27000,24500,"2000"
"Ashton Woods Homes","Canada","Great Gulf Group",2500,0,2500,"2000"
"Assured Guaranty Municipal Corp (Assured Guaranty Corp)","UK","Assured Guaranty Ltd",112100,55500,56600,"2000"
"Astellas US","Japan","Astellas Pharma",145500,63500,82000,"2000"
"AstraZeneca Pharmaceuticals (AstraZeneca PLC)","UK","AstraZeneca PLC",310750,128500,182250,"2000"
"Atkins North America","UK","SNC-Lavalin",18000,5000,13000,"2000"
"Austal USA","Australia","Austal Ltd",50200,5000,45200,"2000"
"Avangrid Inc (Iberdrola SA)","Spain","Iberdrola SA",155000,103000,52000,"2000"
"Bacardi USA","UK","Bacardi Ltd",46200,19500,25700,"2000"
"BAE Systems (BAE Systems)","UK","BAE Systems",739500,320000,419500,"2000"
"Barclays Group US","UK","Barclays plc",123000,49500,73500,"2000"
"Barrick Goldstrike Mines","Canada","Barrick Gold Corp",14500,11000,3500,"2000"
"BASF Corp","Germany","BASF SE",412000,222000,190000,"2000"
"Bayer Corp (Bayer AG)","Germany","Bayer AG",209500,117500,92000,"2000"
"Beam Suntory (Suntory Holdings)","Japan","Suntory Holdings",46000,26000,20000,"2000"
"BMO Financial Corp (Bank of Montreal)","Canada","Bank of Montreal",0,0,0,"2000"
"BMO Financial Corp (Bank of Montreal)","Canada","Bank of Montreal",193000,101000,92000,"2000"
"Boehringer Ingelheim Corp","Germany","CH Boehringer Sohn",182900,86900,96000,"2000"
"Bombardier Aerospace (Bombardier Inc)","Canada","Bombardier Inc",36500,16500,20000,"2000"
"BP North America","UK","BP PLC",-2000,0,-2000,"2000"
"Bridgestone Americas","Japan","Bridgestone Corp",29500,15000,14500,"2000"
"Bumble Bee Foods (FCF Co)","Taiwan","FCF Co",6000,6000,0,"2000"
"CAE USA","Canada","CAE Inc",11000,6000,5000,"2000"
"CalPortland Co","Japan","Taiheiyo Cement Co",214000,13000,201000,"2000"
"Carmeuse Lime","Netherlands","Carmeuse SA",1000,0,1000,"2000"
"Case New Holland","Netherlands","CNH Industrial",101000,5000,96000,"2000"
"CEMEX Inc","Mexico","CEMEX SAB de CV",42500,16500,26000,"2000"
"CGI Technologies & Solutions","Canada","CGI Group",48000,40000,8000,"2000"
"Chubb Group of Insurance Companies","Switzerland","Chubb Ltd",98000,51500,46500,"2000"
"CIBC Bancorp","Canada","Canadian Imperial Bank of Commerce",2000,2000,0,"2000"
"Cirrus Aircraft Corp","China","Aviation Industry Corp of China",0,0,0,"2000"
"Continental Automotive Systems (Continental AG)","Germany","Continental AG",59000,31000,28000,"2000"
"Covestro LLC (Covestro AG)","Germany","Covestro AG",14000,9500,4500,"2000"
"Credit Suisse Securities","Switzerland","Credit Suisse Group",55000,25000,30000,"2000"
"CRH Americas (CRH PLC)","Ireland","CRH PLC",549600,208500,341100,"2000"
"Cronos USA","Canada","Cronos Group",33000,21000,12000,"2000"
"CSL Behring","Australia","CSL Ltd",55100,32700,22400,"2000"
"Delhaize America","Belgium","Ahold Delhaize",43500,19000,24500,"2000"
"Deutsche Bank Securities","Germany","Deutsche Bank AG",0,0,0,"2000"
"Diageo North America (Diageo PLC)","UK","Diageo PLC",17575,12575,5000,"2000"
"Eaton Corp (Eaton Corp)","Ireland","Eaton Plc",52353,24500,27853,"2000"
"EDF Renewables (EDF Group)","France","EDF Group",38000,32500,5500,"2000"
"EDP Renewables NA","Portugal","EDP - Energias de Portugal",22000,20500,1500,"2000"
"Eisai Inc","Japan","Eisai Co Ltd",23100,11300,11800,"2000"
"Elbit Systems of America","Israel","Elbit Systems Ltd",63000,16500,46500,"2000"
"Electrolux Home Products","Sweden","AB Electrolux",4500,1500,3000,"2000"
"Elekta Inc (Elekta AB)","Sweden","Elekta AB",88100,41500,46600,"2000"
"Embraer Aircraft Holdings","Brazil","Embraer-Empresa Brasileira de Aeronautic",61000,18500,42500,"2000"
"EMD Serono Inc","Germany","Merck KGaA",149500,80000,69500,"2000"
"Empire District Electric (Algonquin Power & Utilities)","Canada","Algonquin Power & Utilities",-1000,-1000,0,"2000"
"Empower Retirement (Power Financial Corp)","Canada","Power Financial Corp",45500,18500,27000,"2000"
"Enbridge Inc","Canada","Enbridge Inc",84500,23500,61000,"2000"
"Endo Pharmaceuticals","Ireland","Endo International",0,0,0,"2000"
"ENGIE North America","France","ENGIE",21500,17500,4000,"2000"
"Ericsson Inc","Sweden","Telefonaktiebolaget LM Ericsson",117500,59500,58000,"2000"
"Essent US Holdings","UK","Essent Group",10500,2500,8000,"2000"
"Experian","UK","Experian",554500,256500,298000,"2000"
"Farmers Group (Zurich Insurance Group)","Switzerland","Zurich Financial Services AG",262000,139000,123000,"2000"
"Fincantieri Marinette Marine","Italy","Fincantieri-Cantieri Navali Italiani SpA",19500,11000,8500,"2000"
"Finsbury Glover Hering (WPP Group)","UK","WPP Group",124250,71500,52750,"2000"
"Florida East Coast Industries (SoftBank Corp)","Japan","SoftBank Corp",62000,20500,41500,"2000"
"Florida East Coast Railway (Grupo Mexico)","Mexico","Grupo Mexico",2150,1850,300,"2000"
"Framatome (EDF Group)","France","EDF Group",32000,15000,17000,"2000"
"Fresenius Medical Care North America","Germany","Fresenius Medical Care",405500,180000,225500,"2000"
"G4S Secure Solutions","UK","G4S plc",2900,2900,0,"2000"
"Garmin International (Garmin Ltd)","Switzerland","Garmin Ltd",117000,39500,77500,"2000"
"GE Appliances","China","Haier Group",23000,5000,18000,"2000"
"Genentech Inc (Roche Holdings)","Switzerland","Roche Holdings",295000,154500,140500,"2000"
"General Cigar Co","Sweden","Scandinavian Tobacco Group",500,0,500,"2000"
"GenesisCare USA","Australia","GenesisCare",17000,9500,7500,"2000"
"Gerdau Ameristeel Corp","Brazil","Gerdau Inc",14000,6000,8000,"2000"
"Glanbia Foods (Glanbia PLC)","Ireland","Glanbia PLC",0,0,0,"2000"
"Grand Trunk Western-Illinois Central RR","Canada","Canadian National Railway",22000,7000,15000,"2000"
"Greyhound Lines","UK","FirstGroup PLC",10500,6000,4500,"2000"
"GSK plc","UK","GlaxoSmithKline",205000,54000,151000,"2000"
"Haleon plc","UK","Haleon plc",2500,0,2500,"2000"
"Hannover Life Reassurance Co","Germany","Hannover Re",17500,10000,7500,"2000"
"Hatch LTK (Hatch Ltd)","Canada","Hatch Ltd",5800,5800,0,"2000"
"Headwaters Inc","Australia","Boral Ltd",10500,1000,9500,"2000"
"Heineken USA","Netherlands","L'Arche Green NV",26000,14000,12000,"2000"
"Herbalife Nutrition","UK","Herbalife Ltd",85500,35500,50000,"2000"
"Holcim US (Holcim Group)","Switzerland","Holcim Group",37000,22000,15000,"2000"
"Horizon Therapeutics","Ireland","Horizon Pharma PLC",149000,89000,60000,"2000"
"HSBC North America (HSBC Holdings)","UK","HSBC Holdings",34500,11000,23500,"2000"
"HSBC North America (HSBC Holdings)","UK","HSBC Holdings",61000,36500,24500,"2000"
"IBI Group Engineering Services","Canada","IBI Group",150,0,150,"2000"
"IDEMIA Identity & Security (IDEMIA)","France","IDEMIA",29900,6000,23900,"2000"
"IGT Global Solutions","Italy","B&D Holding Di Marco Drago e C Sapa",42900,32900,10000,"2000"
"Infineon Technologies","Germany","Infineon Technologies AG",20000,12500,7500,"2000"
"Intelsat US","Luxembourg","Intelsat Holdings",49000,25500,23500,"2000"
"Intergraph Corp","Sweden","Hexagon AB",2900,0,2900,"2000"
"Ipsen Biopharmaceuticals","France","Ipsen SA",40000,22500,17500,"2000"
"ITG Brands (Imperial Brands)","UK","Imperial Brands",14000,5500,8500,"2000"
"Jackson National Life Insurance (Prudential PLC)","UK","Prudential PLC",169198,50998,118200,"2000"
"Jackson National Life Insurance (Prudential PLC)","UK","Prudential PLC",87000,50000,37000,"2000"
"JBS USA","Brazil","JBS SA",18500,7000,11500,"2000"
"John Hancock Life Insurance","Canada","Manulife Financial",94500,58500,36000,"2000"
"Johnson Controls (Johnson Controls International)","Ireland","Johnson Controls International",211500,117500,94000,"2000"
"Komatsu Mining","Japan","Komatsu Ltd",20599,9500,11099,"2000"
"Lanxess Corp (Lanxess AG)","Germany","Lanxess AG",0,0,0,"2000"
"Lehigh Hanson","Germany","HeidelbergCement AG",102000,22500,79500,"2000"
"Leonardo DRS","Italy","Leonardo SpA",204000,76500,127500,"2000"
"Liberty Utilities (Algonquin Power & Utilities)","Canada","Algonquin Power & Utilities",0,0,0,"2000"
"Lincare Holdings (Linde plc)","UK","Linde plc",23500,6000,17500,"2000"
"Linde plc (Linde plc)","UK","Linde Plc",11000,11000,0,"2000"
"Livanova USA","UK","Livanova Plc",6000,4000,2000,"2000"
"Louis Dreyfus Co","Netherlands","Louis Dreyfus Group",2000,0,2000,"2000"
"LSEG US","UK","London Stock Exchange Group",2000,2000,0,"2000"
"Lundbeck Inc","Denmark","H Lundbeck A/S",127400,72400,55000,"2000"
"LyondellBasell Industries","Netherlands","LyondellBasell Industries",95000,41500,53500,"2000"
"Maersk Inc (AP Moller-Maersk)","Denmark","AP Moller-Maersk",60500,29500,31000,"2000"
"Mallinckrodt Pharmaceuticals","UK","Mallinckrodt Plc",500,4500,-4000,"2000"
"Maxar Technologies (Maxar Technologies)","Canada","Maxar Technologies",173500,93000,78000,"2000"
"MBDA Inc","UK","MBDA",1000,0,1000,"2000"
"Medtronic Inc","Ireland","Medtronic Plc",225000,119000,106000,"2000"
"Mercedes-Benz USA (Daimler AG)","Germany","Daimler AG",3500,0,3500,"2000"
"Messer North America","Germany","Messer Group",28500,12000,16500,"2000"
"Mitsubishi Power","Japan","Mitsubishi Power",1000,0,1000,"2000"
"Molson Coors Beverage Co (Molson Coors Brewing)","Canada","Molson Coors Brewing",77500,23000,54500,"2000"
"MUFG Americas","Japan","Mitsubishi UFJ Financial Group",0,0,0,"2000"
"Munich American Reassurance","Germany","Munich Re Group",12500,5000,7500,"2000"
"Nammo Inc (Nammo AS)","Norway","Nammo AS",9000,2000,7000,"2000"
"National Grid USA (National Grid plc)","UK","National Grid plc",58500,49500,9000,"2000"
"Nestle Purina PetCare (Nestle SA)","Switzerland","Nestle SA",0,0,0,"2000"
"Nomura Holding America","Japan","Nomura Holdings",49500,19500,30000,"2000"
"NOVA Chemicals","United Arab Emirates","International Petroleum Investment Co",0,0,0,"2000"
"Novartis Corp (Novartis AG)","Switzerland","Novartis AG",281500,159500,122000,"2000"
"Novo Nordisk","Denmark","Novo Nordisk A/S",288250,147250,141000,"2000"
"Novocure Inc","UK","Novocure",94500,46000,48500,"2000"
"Nutrien Ag Solutions","Canada","Nutrien Ltd",46500,15000,31500,"2000"
"Otsuka America (Otsuka Pharmaceutical)","Japan","Otsuka Pharmaceutical",125500,71500,54000,"2000"
"Permobil Inc (Investor AB)","Sweden","Investor AB",1000,1000,0,"2000"
"Pernod Ricard USA","France","Pernod Ricard SA",27000,13500,13500,"2000"
"Pharmavite LLC (Otsuka Pharmaceutical)","Japan","Otsuka Pharmaceutical",94500,50000,44500,"2000"
"Philips Electronics North America (Philips)","Netherlands","Philips",119750,54250,65500,"2000"
"Prime Policy Group (WPP Group)","UK","WPP Group",42750,24500,18250,"2000"
"Protective Life Corp (Dai-Ichi Life)","Japan","Dai-Ichi Life",177000,46500,130500,"2000"
"Purpose Financial (Grupo Salinas)","Mexico","Grupo Salinas",46500,18500,28000,"2000"
"Putnam Investments (Power Financial Corp)","Canada","Power Financial Corp",11500,5500,6000,"2000"
"RBC Bank (Royal Bank of Canada)","Canada","Royal Bank of Canada",91500,45000,46500,"2000"
"Recurrent Energy","Canada","Canadian Solar",13900,9900,4000,"2000"
"RELX Inc","UK","RELX Group",94500,58500,36000,"2000"
"Resolute FP US","Canada","Resolute Forest Products",75500,5500,70000,"2000"
"Reynolds American (British American Tobacco)","UK","British American Tobacco plc",242100,63600,178500,"2000"
"Rio Tinto America","UK","Rio Tinto Group",33500,14500,19000,"2000"
"Roche Diagnostics (Roche Holdings)","Switzerland","Roche Holdings",103000,50000,53000,"2000"
"Rolls-Royce North America (Rolls-Royce PLC)","UK","Rolls-Royce PLC",234000,87000,147000,"2000"
"Saab North America","Sweden","Saab AB",4500,2500,2000,"2000"
"Sabic Innovative Plastics","Saudi Arabia","SABIC",7000,6000,1000,"2000"
"Safelite Group","Belgium","D'Ieteren SA",3500,3500,0,"2000"
"Samsung Electronics America","South Korea","Samsung Group",394000,214500,179500,"2000"
"Sanofi US (Sanofi)","France","Sanofi",233000,122500,110500,"2000"
"Santander Bank (Banco Santander)","Spain","Banco Santander",86500,54000,32500,"2000"
"SAP America","Germany","SAP SE",88500,43500,45000,"2000"
"Schwan's Co","South Korea","CJ CheilJedang",162500,49000,113500,"2000"
"Securitas Security Services USA","Sweden","Securitas AB",0,0,0,"2000"
"Serco Inc","UK","Serco Group",117500,69000,48500,"2000"
"Shell USA","UK","Shell plc",5000,0,5000,"2000"
"Siemens Corp (Siemens AG)","Germany","Siemens AG",184000,101500,82500,"2000"
"Smith & Nephew","UK","Smith & Nephew Plc",96000,56500,39500,"2000"
"Smithfield Foods","China","WH Group",41000,19000,22000,"2000"
"Smiths Group Services Corp (Smiths Group)","UK","Smiths Group PLC",33500,16500,17000,"2000"
"Smiths Group Services Corp (Smiths Group)","UK","Smiths Group PLC",29948,13500,16448,"2000"
"Sodexo Inc","France","Sodexo",2900,2900,0,"2000"
"Solvay America","Belgium","Solvay SA",65000,35500,29500,"2000"
"Sony Music Entertainment (Sony Corp)","Japan","Sony Corp",32500,19500,13000,"2000"
"Sony Pictures Entertainment (Sony Corp)","Japan","Sony Corp",42500,26000,16500,"2000"
"Spark Therapeutics (Roche Holdings)","Switzerland","Roche Holdings",8500,6500,2000,"2000"
"SSAB Americas","Sweden","SSAB AB",31500,9000,22500,"2000"
"Standard Insurance Co","Japan","Meiji Yasuda Life Insurance",4500,2000,2500,"2000"
"Steris Corp","Ireland","Steris PLC",65000,27500,37500,"2000"
"SUEZ Water","France","SUEZ Environnement",20500,18500,2000,"2000"
"Sun Life Financial (Sun Life Financial)","Canada","Sun Life Financial",132000,75000,57000,"2000"
"Sunovion Pharmaceuticals (Sumitomo Chemical)","Japan","Sumitomo Chemical",107200,51900,55300,"2000"
"Sunpower Corp","France","TotalEnergies",32000,28500,3500,"2000"
"Swedish Match North America (Swedish Match AB)","Sweden","Swedish Match AB",5000,0,5000,"2000"
"Swiss Re America","Switzerland","Swiss Reinsurance",0,0,0,"2000"
"Syngenta Corp","China","ChemChina",207000,56000,151000,"2000"
"Tabacalera USA (Imperial Brands)","UK","Imperial Brands",4321,2300,2021,"2000"
"Takeda Pharmaceuticals USA (Takeda Pharmaceutical Co)","Japan","Takeda Pharmaceutical Co",207500,119000,88500,"2000"
"TD Bank USA","Canada","Toronto-Dominion Bank",259500,144500,114000,"2000"
"TE Connectivity","Switzerland","TE Connectivity",92000,39500,52500,"2000"
"TECO Energy","Canada","Emera Inc",37000,4500,32500,"2000"
"Teva Pharmaceuticals USA","Israel","Teva Pharmaceutical Industries",72400,34500,37900,"2000"
"Toyota Motor North America","Japan","Toyota Motor Corp",1053977,538097,515880,"2000"
"Trane Technologies","Ireland","Trane Technologies",26300,3300,23000,"2000"
"TransAmerica","Netherlands","Aegon NV",418500,211000,207500,"2000"
"Transcanada USA Services (TC Energy)","Canada","TC Energy",138500,30500,108000,"2000"
"UBS Americas","Switzerland","UBS AG",1470000,775000,695000,"2000"
"UCB Inc (UCB SA)","Belgium","UCB SA",52500,31000,21500,"2000"
"Ultra Electronics USA","UK","Ultra Electronics",80000,13500,66500,"2000"
"Universal Music Group (Universal Music Group)","Netherlands","Universal Music Group NV",131000,76000,55000,"2000"
"Valent USA (Sumitomo Chemical)","Japan","Sumitomo Chemical",8000,4500,3500,"2000"
"Varian Medical Systems (Siemens AG)","Germany","Siemens AG",65800,39300,26500,"2000"
"VNA Holding (AB Volvo)","Sweden","AB Volvo",67500,40000,27500,"2000"
"VT Halter Marine","Singapore","ST Engineering",18000,1000,17000,"2000"
"Washington Gas Light Co (AltaGas Ltd)","Canada","AltaGas Ltd",23400,14400,9000,"2000"
"Westinghouse Electric","Canada","Brookfield Business Partners",41000,15000,26000,"2000"
"WSP USA","Canada","WSP Global",64750,44250,20500,"2000"
"ZF Automotive US (ZF Friedrichshafen AG)","Germany","ZF Friedrichshafen AG",-2000,0,-2000,"2000"
"Zurich Insurance (Zurich Insurance Group)","Switzerland","Zurich Insurance Group",308000,144000,164000,"2000"
